opportunity_id,opportunity_name,opportunity_type,owner_sponsor,problem_statement,current_process_issues,ai_solution_approach,improvement_description,ai_task,ai_method,ai_output,other_details,suggested_approach,core_kpis,efficiency_metrics,suggested_kpis_approach,can_we_execute,can_we_execute_rationale,data_availability,data_availability_rationale,integration_capability,integration_capability_rationale,overall_approach,approach_rationale,hybrid_approach,suggested_build_buy_approach,investment_people,investment_cost,investment_timeline,suggested_investment_approach,risks_list,mitigation_strategies,submission_date,submission_status,similarity_scores,conversation_history,decision_log_ids,form_version,last_modified
"OPP-2024-001","Real-Time Fraud Detection AI Agent","Transformative Idea","Sarah Johnson, VP Risk Management","Card fraud losses exceeded $12M last year with current rule-based system catching only 65% of fraudulent transactions while generating 8% false positive rate causing customer friction","Current rule-based system is static and cannot adapt to new fraud patterns; takes 24-48 hours to update rules; high false positive rate frustrates legitimate customers leading to card abandonment; manual review queue overwhelmed with 5000+ transactions daily","Implement ensemble ML model combining gradient boosting, neural networks, and anomaly detection to analyze 200+ transaction features in real-time, with continuous learning from fraud analyst feedback","Increase fraud detection rate to 94% while reducing false positives to 2%; process transactions in <100ms; reduce manual review queue by 75%; save $8M annually in fraud losses","Real-time transaction scoring and anomaly detection","Ensemble approach: XGBoost for structured data, LSTM for sequence modeling, Isolation Forest for anomaly detection, with active learning loop","Risk score (0-100), fraud probability, top 3 risk factors, recommended action (approve/decline/review)","Requires integration with core banking system, payment gateway, and case management system; need to maintain PCI compliance","Consider using pre-trained models from Feedzai or FICO with Wells Fargo transaction data for fine-tuning; implement A/B testing framework for model validation","Fraud detection rate, false positive rate, average detection time, fraud loss amount","94% fraud catch rate, 2% false positive rate, <100ms processing time, $8M annual savings, 30% reduction in customer complaints","Track: precision/recall by transaction type, model drift metrics, customer satisfaction scores, operational cost per transaction reviewed","Yes","Yes - We have ML platform (SageMaker), 5 data scientists in risk team, GPU infrastructure for model training, real-time scoring infrastructure","Yes","Yes - 5 years of labeled transaction data (10M+ transactions), real-time transaction feed, fraud analyst feedback loop established","Partial","Partial - Core banking APIs available but need performance optimization for <100ms latency; payment gateway integration exists but needs enhancement","Build","Build internally due to competitive advantage, proprietary fraud patterns, and need for continuous model updates based on our specific customer base","N/A","Recommend hybrid: Buy base platform (Feedzai/DataRobot) for infrastructure, build custom models and features","3 FTE Data Scientists, 2 FTE ML Engineers, 1 FTE Product Manager, 0.5 FTE Security Analyst","$1.2M - $1.8M (including infrastructure)","6-month production deployment: 2-month POC, 2-month pilot, 2-month scale","Phase 1: POC with historical data (2 months), Phase 2: Shadow mode testing (2 months), Phase 3: Gradual production rollout (2 months)","Model bias against certain demographics; Regulatory compliance (fair lending); Adversarial attacks on ML model; Integration latency impacting customer experience","Bias testing and monitoring dashboard; Regular compliance audits; Model robustness testing; Infrastructure optimization and caching","2024-10-15T09:30:00Z","Under Review","{""OPP-2024-008"": 0.72, ""OPP-2023-142"": 0.65}","{""questions"": [""What is your current fraud detection rate?"", ""What are acceptable false positive rates?""], ""answers"": [""65% with 8% false positives"", ""Target is under 2%""], ""timestamps"": [""2024-10-15T09:15:00Z"", ""2024-10-15T09:18:00Z""]}","[""LOG-2024-001"", ""LOG-2024-002""]","2.0","2024-10-16T14:22:00Z"
"OPP-2024-002","Conversational AI Banking Assistant","Growth Opportunity","Michael Chen, SVP Digital Banking","70% of customer service calls are for routine inquiries (balance checks, transaction history, card activation) creating 15-minute average wait times and $18M annual call center costs","Call center agents spending 80% of time on repetitive tasks; customers frustrated with wait times; 24/7 coverage requires expensive night shifts; inconsistent responses across agents; limited multilingual support","Deploy GPT-4 powered conversational AI with custom fine-tuning on banking domain, integrated with core banking APIs for secure account access and transaction capabilities","Reduce call volume by 60%, decrease average handling time to 2 minutes, provide 24/7 instant support in 5 languages, save $10M annually in operational costs","Natural language understanding and conversational AI for banking queries","Fine-tuned GPT-4 with RAG (Retrieval Augmented Generation) using internal knowledge base, function calling for API integration","Natural language responses, structured intents, API calls to banking systems, conversation summaries","Requires OAuth integration, PCI DSS compliance for payment operations, audit trail for all interactions","Use GPT-4 with function calling, implement RAG with Pinecone vector database for knowledge retrieval, add guardrails with Guardrails AI","Call deflection rate, customer satisfaction score, average handling time, operational cost per interaction","60% call deflection, 85% CSAT, 2-minute resolution time, $10M cost savings, 95% first-contact resolution","Monitor: containment rate, escalation rate, task completion rate, language accuracy, security incident rate","Yes","Yes - Existing chatbot infrastructure can be enhanced, Azure OpenAI Enterprise agreement in place, dedicated conversational AI team","Partial","Partial - Customer interaction logs available but need annotation; knowledge base exists but needs structuring; multilingual data limited","Yes","Yes - REST APIs for all banking operations, existing authentication framework, webhook infrastructure for async operations","Partner","Partner with Microsoft using Azure OpenAI Service for enterprise security, compliance, and SLA guarantees while building custom integration layer","Microsoft provides base GPT-4 and infrastructure, we build banking-specific fine-tuning and integrations","Recommend Partner approach with Microsoft Azure OpenAI for security and compliance","2 FTE Conversation Designers, 2 FTE AI Engineers, 1 FTE Product Manager, 1 FTE Compliance Officer","$800K - $1.2M annually (including Azure costs)","4-month MVP, 8-month full deployment","Month 1-2: Design and knowledge base preparation, Month 3-4: MVP with top 20 use cases, Month 5-8: Scale to all use cases","Hallucination risks with financial advice; Security breaches through prompt injection; Regulatory compliance for financial recommendations; Customer trust in AI","Implement strict guardrails and fact-checking; Security testing and prompt injection prevention; Legal review of all responses; Gradual rollout with human oversight","2024-10-18T11:45:00Z","Submitted","{""OPP-2024-015"": 0.81, ""OPP-2023-201"": 0.58}","{""questions"": [""What types of queries do you want to handle?"", ""Do you need transaction capabilities?""], ""answers"": [""All routine inquiries plus simple transactions"", ""Yes, balance transfers and bill payments""], ""timestamps"": [""2024-10-18T11:30:00Z"", ""2024-10-18T11:35:00Z""]}","[""LOG-2024-003"", ""LOG-2024-004"", ""LOG-2024-005""]","2.0","2024-10-18T11:45:00Z"
"OPP-2024-003","AI-Powered Credit Risk Assessment","Operational Enabler","Jennifer Martinez, Director Credit Risk","Manual credit underwriting takes 3-5 days per application with 25% of qualified applicants rejected due to limited credit history evaluation, resulting in $50M lost revenue opportunity annually","Underwriters can only review 8-10 applications daily; traditional credit scores miss 40% of creditworthy thin-file applicants; inconsistent decisions across underwriters; inability to consider alternative data sources","Develop multi-modal AI system analyzing traditional credit data, bank transaction patterns, employment history, and alternative data sources using transformer models and graph neural networks","Reduce decision time to 30 minutes, approve 35% more qualified applicants, maintain default rate below 2%, generate $35M additional revenue","Credit risk scoring and underwriting automation","Ensemble model: Transformer for transaction sequence analysis, Graph Neural Networks for relationship mapping, XGBoost for structured data","Credit decision (approve/decline/refer), risk score, credit limit recommendation, key decision factors, confidence level","Integration with Experian, Plaid for banking data, Equifax APIs; need fair lending compliance monitoring","Implement Google's TabNet for tabular data, use pre-trained FinBERT for text analysis of employment verification","Approval rate, default rate, processing time, revenue per application","70% auto-approval rate, <2% default rate, 30-minute decisions, $35M revenue increase, 40% thin-file approval rate","Track: Gini coefficient, KS statistic, approval rate by demographic, profit per approved loan, early payment default rate","Yes","Yes - Risk modeling team experienced with ML, existing model deployment infrastructure, partnerships with data providers established","Yes","Yes - 10 years of loan performance data, access to alternative data vendors, real-time banking transaction feeds via Open Banking","Yes","Yes - Loan origination system has APIs, decision engine supports external models, existing integrations with credit bureaus","Build","Build to maintain competitive advantage and incorporate proprietary transaction data insights that vendors cannot access","N/A","Build core model internally, buy alternative data feeds from Experian/Plaid","4 FTE Data Scientists, 2 FTE ML Engineers, 1 FTE Risk Analyst, 1 FTE Compliance Officer","$1.5M - $2M (including data licensing)","9-month deployment: 3-month model development, 3-month validation, 3-month gradual rollout","Quarter 1: Model development and backtesting, Quarter 2: Regulatory validation, Quarter 3: Parallel run and gradual rollout","Model bias and fair lending violations; Regulatory approval delays; Data quality from third-party sources; Model explainability requirements","Comprehensive bias testing framework; Early regulatory engagement; Data quality monitoring; SHAP/LIME for explainability","2024-10-20T14:20:00Z","Approved","{""OPP-2023-089"": 0.69, ""OPP-2024-021"": 0.54}","{""questions"": [""What credit products will this cover?"", ""What's your current approval rate?""], ""answers"": [""Personal loans and credit cards initially"", ""45% approval rate, want to reach 60%""], ""timestamps"": [""2024-10-20T14:00:00Z"", ""2024-10-20T14:10:00Z""]}","[""LOG-2024-006"", ""LOG-2024-007""]","2.0","2024-10-22T10:30:00Z"
"OPP-2024-004","Intelligent Document Processing for Loan Applications","Operational Enabler","Robert Thompson, VP Operations","Manual processing of loan documents takes 2-3 hours per application with 15% error rate, creating bottlenecks in loan origination and poor customer experience","Operators manually extract data from 20+ document types; high error rates require rework; seasonal volume spikes overwhelm staff; inconsistent data extraction across operators","Implement computer vision and NLP pipeline using LayoutLM and Donut models to automatically extract, validate, and structure data from loan documents with human-in-the-loop verification","Process documents in 5 minutes with 98% accuracy, handle 10x volume spikes, reduce operational costs by 70%, improve customer satisfaction","Document understanding, data extraction, and validation","LayoutLMv3 for document understanding, Donut for visual document processing, rule-based validation, active learning for edge cases","Structured JSON with extracted fields, confidence scores, validation flags, suggested corrections, document classification","Supports PDF, images, scanned documents; needs integration with loan origination system and document management system","Use Microsoft Form Recognizer for quick start, enhance with custom LayoutLM models for complex documents","Processing time per document, extraction accuracy, straight-through processing rate, cost per application","5-minute processing, 98% accuracy, 85% straight-through processing, 70% cost reduction, 99.9% uptime","Monitor: field-level accuracy, document type performance, rejection rate, manual intervention rate, processing bottlenecks","Yes","Yes - Document processing team exists, Azure Form Recognizer already licensed, OCR infrastructure in place","Partial","Partial - 50K historical documents available but only 10K labeled; need annotation effort for training data","Yes","Yes - Loan origination system has REST APIs, document management system supports webhooks, existing workflow engine","Hybrid","Start with Microsoft Form Recognizer for baseline capability, build custom models for complex documents specific to our formats","Microsoft provides base OCR/extraction, we build validation rules and complex document handlers","Recommend Hybrid: Buy Form Recognizer for standard documents, build custom models for proprietary forms","2 FTE ML Engineers, 1 FTE Data Analyst, 3 FTE Document Annotators (6 months), 1 FTE Product Manager","$600K - $900K (including Form Recognizer licensing)","6-month deployment: 2-month annotation, 2-month model training, 2-month integration","Month 1-2: Data annotation sprint, Month 3-4: Model training and validation, Month 5-6: Production integration and testing","Poor quality scanned documents; Changing document formats; Privacy concerns with sensitive data; Integration complexity with legacy systems","Image enhancement preprocessing; Version control for document templates; On-premise deployment option; Phased integration approach","2024-10-22T16:00:00Z","Under Review","{""OPP-2023-234"": 0.76, ""OPP-2024-019"": 0.62}","{""questions"": [""What document types need processing?"", ""What's your current error rate?""], ""answers"": [""Tax returns, pay stubs, bank statements, ID docs"", ""15% require manual correction""], ""timestamps"": [""2024-10-22T15:45:00Z"", ""2024-10-22T15:50:00Z""]}","[""LOG-2024-008"", ""LOG-2024-009"", ""LOG-2024-010""]","2.0","2024-10-22T16:00:00Z"
"OPP-2024-005","AI Portfolio Optimization Advisor","Growth Opportunity","David Lee, Head of Wealth Management","Wealth advisors spend 60% of time on portfolio analysis and rebalancing for 5000+ clients, can only provide quarterly reviews, missing optimization opportunities in volatile markets","Manual portfolio analysis is time-intensive; advisors can only manage 50-80 clients effectively; reactive rather than proactive rebalancing; generic strategies not personalized to client goals","Build multi-agent AI system with specialized agents for market analysis, risk assessment, tax optimization, and recommendation generation using reinforcement learning and LLMs","Enable daily portfolio monitoring for all clients, increase AUM by 25%, improve returns by 2-3% annually, scale advisor capacity to 200 clients each","Portfolio optimization and personalized investment recommendations","Multi-agent system: RL agent for optimization, LLM for report generation, time-series models for prediction, knowledge graphs for strategy mapping","Rebalancing recommendations, risk alerts, tax-loss harvesting opportunities, personalized investment narratives, performance attribution","Needs real-time market data feeds, integration with portfolio management system, compliance with investment advisor regulations","Implement Ray RLlib for portfolio optimization, use LangChain agents for orchestration, integrate with market data providers","Assets under management (AUM), portfolio returns, client retention, advisor productivity","25% AUM increase, 2-3% improved returns, 95% client retention, 4x advisor productivity, 90% client satisfaction","Track: Sharpe ratio improvement, tax alpha generated, recommendation acceptance rate, client engagement metrics","Partial","Partial - Have quantitative analysts but limited AI expertise; need to build real-time infrastructure; compliance framework needs updating","Yes","Yes - 10 years of portfolio performance data, client risk profiles, market data subscriptions, transaction history available","Partial","Partial - Portfolio management system has APIs but not real-time; need streaming architecture for market data","Build","Build proprietary system for competitive advantage using our investment philosophy and client insights","N/A","Build internally to protect investment strategies; consider buying market data infrastructure","3 FTE Quantitative Analysts, 2 FTE AI Engineers, 1 FTE Financial Engineer, 1 FTE Compliance Analyst","$2M - $2.5M (including market data feeds)","12-month deployment: 4-month research, 4-month development, 4-month pilot with select advisors","Phase 1: Research and strategy development (4 months), Phase 2: Platform build (4 months), Phase 3: Advisor pilot (4 months)","Market volatility impacting model performance; Regulatory scrutiny on AI-driven advice; Advisor adoption resistance; Model interpretability","Robust backtesting across market cycles; Proactive regulatory engagement; Change management program; Explainable AI dashboard","2024-10-25T10:15:00Z","Submitted","{""OPP-2023-156"": 0.59, ""OPP-2024-032"": 0.71}","{""questions"": [""How many portfolios need monitoring?"", ""What optimization constraints exist?""], ""answers"": [""5000+ client portfolios"", ""Risk tolerance, tax considerations, ESG preferences""], ""timestamps"": [""2024-10-25T10:00:00Z"", ""2024-10-25T10:10:00Z""]}","[""LOG-2024-011"", ""LOG-2024-012""]","2.0","2024-10-25T10:15:00Z"
"OPP-2024-006","Anti-Money Laundering AI Detection System","Transformative Idea","Lisa Anderson, Chief Compliance Officer","Current AML system generates 95% false positives on suspicious activity reports (SARs), requiring 50 analysts to review 10,000+ alerts monthly, with $5M annual compliance costs","Rule-based system creates alert fatigue; real suspicious activities hidden in noise; 72-hour SAR filing deadline pressure; inability to detect complex money laundering patterns across accounts","Implement graph neural networks to analyze transaction networks, combined with NLP for analyzing transaction descriptions and anomaly detection for behavioral patterns","Reduce false positives to 20%, detect complex laundering schemes, automate SAR narrative generation, cut compliance costs by 60%","Suspicious activity detection and transaction network analysis","Graph Attention Networks for entity relationships, BERT for transaction description analysis, autoencoders for anomaly detection","Risk scores, suspicious pattern visualization, auto-generated SAR narratives, investigation priorities, entity relationship graphs","Must maintain audit trail for regulators, integrate with existing case management, handle 1M+ daily transactions","Implement Neo4j for graph storage, use Amazon Neptune ML for graph neural networks, integrate Palantir for investigation","False positive rate, true positive rate, SAR filing timeliness, analyst productivity","20% false positive rate, 95% true positive detection, 100% timely SAR filing, 5x analyst productivity","Monitor: pattern detection rate by typology, model drift, regulatory feedback scores, investigation time reduction","Yes","Yes - Existing AML team with data scientists, graph database infrastructure, established vendor relationships for AML solutions","Yes","Yes - 7 years of transaction data with SAR outcomes, FinCEN feedback on filing quality, established typologies database","Partial","Partial - Core banking system integration exists but needs real-time streaming; case management API available","Hybrid","Partner with Palantir for investigation platform, build custom detection models using our data and expertise","Palantir provides investigation UI and case management, we build detection models and integrate with core systems","Recommend Hybrid: Partner with specialized vendor (Palantir/Quantexa) for platform, build custom models","4 FTE Data Scientists, 2 FTE ML Engineers, 2 FTE AML Analysts, 1 FTE Integration Engineer","$3M - $4M (including vendor licensing)","9-month deployment: 3-month model development, 3-month integration, 3-month parallel run","Quarter 1: Model development and validation, Quarter 2: Platform integration, Quarter 3: Parallel run with current system","Regulatory acceptance of AI decisions; Model explainability for investigations; Data privacy across jurisdictions; Adversarial attempts to evade detection","Regulatory sandbox participation; Explainable AI with decision trails; Data localization strategy; Adversarial testing program","2024-10-28T13:45:00Z","Approved","{""OPP-2023-089"": 0.68, ""OPP-2024-041"": 0.73}","{""questions"": [""What's your current false positive rate?"", ""How many SARs do you file monthly?""], ""answers"": [""95% false positives"", ""Average 120 SARs per month""], ""timestamps"": [""2024-10-28T13:30:00Z"", ""2024-10-28T13:40:00Z""]}","[""LOG-2024-013"", ""LOG-2024-014"", ""LOG-2024-015""]","2.0","2024-10-30T09:20:00Z"
"OPP-2024-007","Customer Churn Prediction and Retention AI","Growth Opportunity","Maria Rodriguez, VP Customer Experience","Lost 12% of profitable customers last year worth $75M in revenue, with no early warning system to identify at-risk customers or trigger retention campaigns","Customer attrition identified only after account closure; no proactive retention efforts; generic marketing campaigns not personalized; customer service unaware of churn risk during interactions","Deploy ensemble ML models analyzing transaction patterns, channel usage, service interactions, and life events to predict churn 3-6 months in advance with personalized retention strategies","Reduce churn by 30%, save $22M in revenue, increase customer lifetime value by 18%, improve NPS by 12 points","Churn prediction and personalized retention recommendation","Gradient boosting for structured data, RNN for sequential behavior, collaborative filtering for next-best-action recommendations","Churn probability score, time-to-churn estimate, top 3 churn drivers, recommended retention actions, personalized offers","Need integration with CRM, marketing automation, and contact center systems; real-time scoring for customer interactions","Use XGBoost with SHAP for interpretability, implement with MLflow for experiment tracking and model management","Customer retention rate, revenue saved, campaign effectiveness, customer lifetime value","30% churn reduction, $22M revenue saved, 25% retention campaign success rate, 18% CLV increase","Track: precision/recall by customer segment, model lift, offer acceptance rate, false positive cost, reactivation rate","Yes","Yes - Customer analytics team in place, existing data lake with customer data, MLflow infrastructure deployed","Yes","Yes - 5 years of customer behavior data, transaction history, interaction logs, demographic data, product holding data","Yes","Yes - CRM has APIs for scoring, marketing automation supports triggered campaigns, contact center can display scores","Build","Build internally to leverage proprietary customer insights and enable rapid iteration based on campaign feedback","N/A","Build in-house for competitive advantage and data privacy; consider vendors only for campaign execution tools","3 FTE Data Scientists, 1 FTE ML Engineer, 1 FTE Marketing Analyst, 1 FTE Product Manager","$800K - $1.2M","6-month deployment: 2-month model development, 2-month campaign design, 2-month pilot","Month 1-2: Model development, Month 3-4: Campaign design and integration, Month 5-6: Pilot with control group","Privacy concerns with behavioral analysis; Campaign fatigue from over-targeting; Model bias against certain segments; Attribution of retention success","Privacy-preserving analytics; Campaign frequency caps; Bias monitoring and correction; Rigorous A/B testing with holdout groups","2024-11-01T09:30:00Z","Under Review","{""OPP-2023-178"": 0.82, ""OPP-2024-009"": 0.64}","{""questions"": [""What's your current churn rate?"", ""Which customer segments are most valuable?""], ""answers"": [""12% annual churn rate"", ""Premium account holders with 3+ products""], ""timestamps"": [""2024-11-01T09:15:00Z"", ""2024-11-01T09:25:00Z""]}","[""LOG-2024-016"", ""LOG-2024-017""]","2.0","2024-11-01T09:30:00Z"
"OPP-2024-008","Voice-Enabled Banking Assistant","Transformative Idea","James Wilson, Director Digital Innovation","40% of customers struggle with mobile app navigation, especially elderly segments; 25% of calls are for simple tasks like balance checks that could be voice-automated","Complex UI overwhelming for some users; accessibility issues for visually impaired; phone channel expensive for simple queries; no hands-free banking option while driving","Develop conversational voice AI using Whisper for speech recognition, GPT-4 for understanding, and Azure Neural TTS for natural responses, with biometric authentication","Enable natural voice banking for all transactions, improve accessibility, reduce call center load by 35%, increase elderly segment engagement by 50%","Voice-based conversational banking with natural language understanding","Whisper for ASR, GPT-4 with function calling for intent understanding, Azure Neural TTS, voice biometrics for authentication","Transcribed text, identified intents, API calls, natural voice responses, conversation logs, authentication status","Requires telephony integration, voice biometric system, strict security for voice-authorized transactions","Implement Twilio Voice for telephony, Pindrop for voice biometrics, use GPT-4 with guardrails for banking operations","Call deflection rate, task completion rate, authentication success rate, user satisfaction","35% call deflection, 85% task completion, 95% authentication success, 4.5/5 user rating, 50% elderly adoption","Track: word error rate, intent accuracy, containment rate, security incident rate, demographic usage patterns","Partial","Partial - Have chatbot team but need voice expertise; telephony infrastructure needs upgrade; security framework needs voice considerations","Partial","Partial - Call recordings available but need transcription; voice biometric enrollment required; multilingual support needed","Yes","Yes - Banking APIs exist, authentication framework extensible, mobile apps can integrate voice SDK","Partner","Partner with specialized voice AI vendors for core technology while building banking-specific integration","Voice vendor provides ASR/TTS/biometrics, we build banking logic and security layer","Partner with Nuance or Twilio for voice infrastructure, build banking-specific components","2 FTE Voice UI Designers, 2 FTE Integration Engineers, 1 FTE Security Engineer, 1 FTE Product Manager","$1.5M - $2M annually (including voice platform costs)","8-month deployment: 3-month design, 3-month development, 2-month pilot","Quarter 1: Voice UI design and security framework, Quarter 2: Development and integration, Quarter 3: Pilot launch","Voice spoofing and deepfake risks; Privacy concerns with voice recordings; Accuracy in noisy environments; Regulatory compliance for voice auth","Advanced liveness detection; Encrypted voice storage with retention policies; Noise cancellation tech; Regulatory sandbox testing","2024-11-05T14:20:00Z","Submitted","{""OPP-2024-001"": 0.72, ""OPP-2024-002"": 0.85}","{""questions"": [""What banking operations need voice support?"", ""How will you handle security?""], ""answers"": [""All read operations, transfers between own accounts"", ""Voice biometrics plus PIN for high-value transactions""], ""timestamps"": [""2024-11-05T14:05:00Z"", ""2024-11-05T14:15:00Z""]}","[""LOG-2024-018"", ""LOG-2024-019"", ""LOG-2024-020""]","2.0","2024-11-05T14:20:00Z"
"OPP-2024-009","Intelligent Expense Categorization for Business Banking","Operational Enabler","Patricia Kim, Product Manager SMB Banking","Business customers spend 5+ hours monthly manually categorizing expenses for accounting, with 30% miscategorization rate affecting tax filings and financial reporting","Manual categorization is time-consuming and error-prone; generic bank categories don't match accounting needs; bulk transactions require individual review; no learning from corrections","Implement fine-tuned BERT model with active learning to auto-categorize transactions based on merchant data, amounts, and patterns, learning from user corrections","Achieve 95% accurate auto-categorization, save customers 5 hours monthly, reduce accounting errors, increase business account satisfaction","Transaction categorization and merchant classification","Fine-tuned FinBERT with merchant database, active learning from corrections, rule engine for common patterns","Category prediction with confidence, tax category mapping, bulk categorization interface, learning from feedback","Integration with accounting software (QuickBooks, Xero), merchant enrichment services, tax category mapping","Use Plaid for merchant enrichment, fine-tune FinBERT on labeled business transactions, implement active learning loop","Categorization accuracy, time saved per customer, customer satisfaction, accounting software integration adoption","95% accuracy, 5 hours saved monthly, 90% satisfaction, 60% integration adoption, 50% reduction in support tickets","Monitor: accuracy by merchant type, learning rate from corrections, category distribution, integration usage, tax filing accuracy","Yes","Yes - Existing ML team, transaction categorization infrastructure, partnerships with accounting software providers","Partial","Partial - Transaction data available but needs labeling; merchant database needs enrichment; accounting category mapping needed","Yes","Yes - APIs available for major accounting platforms, existing transaction enrichment pipeline, webhook infrastructure","Hybrid","License Plaid for merchant data enrichment, build custom categorization model for our business customers' needs","Plaid provides merchant enrichment, we build categorization logic and user learning system","Hybrid approach: Buy merchant enrichment (Plaid/Yodlee), build categorization engine","2 FTE ML Engineers, 1 FTE Data Analyst, 1 FTE Product Designer, 0.5 FTE Integration Engineer","$400K - $600K (including Plaid licensing)","5-month deployment: 2-month data labeling, 2-month model development, 1-month integration","Month 1-2: Data labeling and merchant mapping, Month 3-4: Model training and validation, Month 5: Integration and launch","Accounting standards changes; Integration complexity with multiple platforms; Customer trust in AI categorization; Data quality from merchants","Regular updates for tax law changes; Phased integration approach; Transparency in AI decisions; Data quality monitoring","2024-11-08T11:00:00Z","Under Review","{""OPP-2023-234"": 0.58, ""OPP-2024-022"": 0.67}","{""questions"": [""How many business customers need this?"", ""What categorization standards to follow?""], ""answers"": [""50,000 SMB customers"", ""IRS Schedule C categories and QuickBooks standards""], ""timestamps"": [""2024-11-08T10:45:00Z"", ""2024-11-08T10:55:00Z""]}","[""LOG-2024-021"", ""LOG-2024-022""]","2.0","2024-11-08T11:00:00Z"
"OPP-2024-010","AI-Powered Branch Traffic Optimization","Operational Enabler","Thomas Brown, Regional Operations Director","Branch staffing misaligned with customer traffic patterns resulting in 45-minute wait times during peak hours and overstaffing during quiet periods, costing $8M annually in inefficient labor","Static staffing schedules based on historical averages; no real-time adjustments; unable to predict impact of local events; customer satisfaction dropping due to wait times","Deploy time-series forecasting models combining historical data, weather, local events, and economic indicators to predict hourly branch traffic and optimize dynamic staffing","Reduce wait times to <10 minutes, improve staff utilization by 30%, save $2.4M annually, increase customer satisfaction scores by 20%","Time-series forecasting and staff scheduling optimization","LSTM with attention for time-series, XGBoost for feature importance, optimization algorithms for scheduling, external data integration","Hourly traffic predictions, optimal staff schedules, wait time estimates, redeployment recommendations, anomaly alerts","Integration with workforce management system, POS data, appointment system, external event APIs","Implement Prophet for baseline forecasting, enhance with deep learning models, use OR-Tools for schedule optimization","Average wait time, staff utilization rate, customer satisfaction, labor cost efficiency","<10 minute wait times, 85% staff utilization, 20% CSAT increase, $2.4M cost savings, 90% prediction accuracy","Track: forecast accuracy by branch, peak coverage ratio, overtime hours, customer flow patterns, schedule adherence","Yes","Yes - Operations research team exists, workforce management system in place, historical traffic data available","Yes","Yes - 3 years of branch traffic data, POS transaction logs, appointment data, customer feedback available","Partial","Partial - Workforce system has APIs but needs real-time integration; external event data needs aggregation","Build","Build internally leveraging our specific branch network patterns and operational constraints","N/A","Build custom solution due to unique multi-branch optimization requirements and union constraints","2 FTE Data Scientists, 1 FTE Operations Research Analyst, 1 FTE Integration Developer, 1 FTE Project Manager","$600K - $800K","6-month deployment: 2-month model development, 2-month system integration, 2-month pilot across 5 branches","Month 1-2: Model development, Month 3-4: System integration, Month 5-6: Pilot and refinement","Union negotiations on dynamic scheduling; Change management for staff; Prediction accuracy for unusual events; Integration with legacy systems","Early union engagement and agreement; Comprehensive training program; Ensemble models for robustness; API wrapper for legacy systems","2024-11-12T15:30:00Z","Approved","{""OPP-2023-301"": 0.61, ""OPP-2024-044"": 0.55}","{""questions"": [""How many branches need optimization?"", ""What are current staffing pain points?""], ""answers"": [""150 branches across 3 regions"", ""Peak lunch hours and Friday afternoons""], ""timestamps"": [""2024-11-12T15:15:00Z"", ""2024-11-12T15:25:00Z""]}","[""LOG-2024-023"", ""LOG-2024-024"", ""LOG-2024-025""]","2.0","2024-11-14T08:45:00Z"